"Name","ShortName","ModeAndPID","Equation","Min Value","Max Value","Units","OBD Header"
"Pump motor voltage","Pumpmotorvol","2100","N*0.0784313725490196","0.0","20.0","volt","261"
"Steering angle offset","Steeringangl","2100","O*0.5-64.0","-64.0","63.5","degreeAngle","261"
"Brake booster pressure sensor","Brakebooster","2100","Q*0.5","0.0","127.5","kpa","261"
"Master cylinder pressure","Mastercylind","2100","R*0.1-2.0","-2.0","23.5","mpa","261"
"G sensor (lateral)","Gsensorlater","2100","S*0.02-2.56","-2.56","2.54","G","261"
"Yaw rate sensor","Yawratesenso","2100","INT16(T:U)*0.05-1638.4","-1638.4","1638.35","degreeS","261"
"Pump motor voltage (abs)","Pumpmotorvol","2100","N*0.0803921568627451","0.0","20.5","volt","261"
"Master cylinder pressure (abs)","Mastercylind","2100","R*0.1-2.0","-2.0","23.5","mpa","261"
"G sensor (lateral) (abs)","Gsensorlater","2100","S*0.02-2.56","-2.56","2.54","G","261"
"Yaw rate sensor (abs)","Yawratesenso","2100","INT16(T:U)*0.05-1638.4","-1638.4","1638.35","degreeS","261"
"Steering angle","Steeringangl","2100","SIGNED16(INT16(Y:Z))","-32768.0","32767.0","degreeAngle","261"
"Steering angle sensor","Steeringangl","2102","SIGNED16(INT16(A:B))*0.04379406109805597","-1435.0438","1435.0","degreeAngle","784"
"Yaw sensor","Yawsensor","2102","SIGNED(C)*0.5898425196850393","-75.4998","74.91","degreeS","784"
"Pressure sensor","Pressuresens","2102","SIGNED16(INT16(D:E))*0.999755851924192","-32759.9998","32759.0","kpa","784"
"Lateral acceleration","Lateralaccel","2102","SIGNED16(INT16(F:G))*9.99755851924192","-327599.9976","327590.0","G","784"
"Longitudinal sensor","Longitudinal","2102","SIGNED(H)*0.010236220472440945","-1.3102","1.3","G","784"
"Engine torque","Enginetorque","2103","SIGNED16(INT16(C:D))*0.07379375591296121","-2418.0738","2418.0","","784"
"Valve feed","Valvefeed","2114","C*0.1+5.0","5.0","30.5","volt","784"
"Battery voltage (controller)","Batteryvolta","2108","A*0.0784313725490196","0.0","20.0","volt","79B"
"Battery voltage (camera)","Batteryvolta","2108","B*0.0784313725490196","0.0","20.0","volt","79B"
"Steering wheel angle","Steeringwhee","2108","SIGNED16(INT16(F:G))","-32768.0","32767.0","degreeAngle","79B"
"Leveling actuator","Levelingactu","2108","C*0.39199999999999996","0.0","99.96","percent","276"
"Rear height sensor","Rearheightse","2108","L*19.6","0.0","4998.0","mVolt","276"
"Leveling actuator (alc)","Levelingactu","2108","C*0.39199999999999996","0.0","99.96","percent","276"
"Rear height sensor (alc)","Rearheightse","2108","L*19.6","0.0","4998.0","mVolt","276"
"Pressure control solenoid","Pressurecont","2100","J*0.5","0.0","127.5","percent","7E1"
"Input shaft","Inputshaft","2100","INT16(A:B)*0.25","0.0","16383.75","rpm","7E1"
"Output shaft","Outputshaft","2100","INT16(C:D)*0.25","0.0","16383.75","rpm","7E1"
"Tc Lock Duty","TcLockDuty","2100","K*0.5","0.0","127.5","percent","7E1"
"Unknown (04)","Unknown04","2101","INT16(E:F)*0.25","0.0","16383.75","rpm","7E1"
"Secondary pressure","Secondarypre","2101","J*0.025490196078431372-0.1","-0.1","6.4","mpa","7E1"
"Unknown (0B)","Unknown0B","2101","L*0.039999999999999994-5.12","-5.12","5.08","","7E1"
"Unknown (0F)","Unknown0F","2101","P*0.5","0.0","127.5","percent","7E1"
"Unknown (10)","Unknown10","2101","Q*0.5","0.0","127.5","percent","7E1"
"Unknown (11)","Unknown11","2101","R*0.5","0.0","127.5","percent","7E1"
"Unknown (12)","Unknown12","2101","S*0.5","0.0","127.5","percent","7E1"
"Input shaft (at)","Inputshaft","2101","INT16(A:B)*0.25","0.0","16383.75","rpm","7E1"
"Output shaft (at)","Outputshaft","2101","INT16(C:D)*0.25","0.0","16383.75","rpm","7E1"
"Voltage","Voltage","2101","INT16(G:H)*0.001","0.0","65.535","volt","7E1"
"At Temp","AtTemp","2101","I-40.0","-40.0","215.0","celsius","7E1"
"Speed","Speed","2101","W","0.0","255.0","kmh","7E1"
"Throttle","Throttle","2101","Z*0.39215686274509803","0.0","100.0","percent","7E1"
"Primary oil pressure","Primaryoilpr","2103","P*0.025","0.0","6.375","mpa","7E1"
"Secondary oil pressure","Secondaryoil","2103","INT16(R:S)*3.9063096055542843","0.0","256000.0","mpa","7E1"
"Primary pulley speed","Primarypulle","2103","INT16(I:J)*0.25","0.0","16383.75","rpm","7E1"
"Secondary pulley speed","Secondarypul","2103","INT16(K:L)*0.25","0.0","16383.75","rpm","7E1"
"Line Pressure","LinePressure","2104","K*0.025","0.0","6.375","mpa","7E1"
"Slope sensor","Slopesensor","2104","INT16(N:O)*0.01-327.68","-327.68","327.67","degreeAngle","7E1"
"Output shaft speed","Outputshafts","2104","INT16(P:Q)*0.25","0.0","16383.75","rpm","7E1"
"Turbine speed","Turbinespeed","2104","INT16(A:B)*0.25","0.0","16383.75","rpm","7E1"
"Primary pulley speed (at)","Primarypulle","2104","INT16(C:D)*0.25","0.0","16383.75","rpm","7E1"
"Secondary pulley speed (at)","Secondarypul","2104","INT16(E:F)*0.25","0.0","16383.75","rpm","7E1"
"Selector Position Sensor #1","SelectorPosi","2105","INT16(H:I)*0.001","0.0","65.535","volt","7E1"
"Selector Position Sensor #2","SelectorPosi","2105","INT16(J:K)*0.001","0.0","65.535","volt","7E1"
"Line pressure solenoid control","Linepressure","2105","INT16(Q:R)","0.0","65535.0","mA","7E1"
"Shift solenoid A control","Shiftsolenoi","2105","INT16(S:T)","0.0","65535.0","mA","7E1"
"Shift solenoid B control","Shiftsolenoi","2105","INT16(U:V)","0.0","65535.0","mA","7E1"
"Shift solenoid C control","Shiftsolenoi","2105","INT16(W:X)","0.0","65535.0","mA","7E1"
"Input shaft (at)","Inputshaft","2105","INT16(A:B)*0.25","0.0","16383.75","rpm","7E1"
"Output shaft (at)","Outputshaft","2105","INT16(C:D)*0.25","0.0","16383.75","rpm","7E1"
"Input shaft (at)","Inputshaft","2106","INT16(A:B)*0.25","0.0","16383.75","rpm","7E1"
"Output shaft (at)","Outputshaft","2106","INT16(C:D)*0.25","0.0","16383.75","rpm","7E1"
"Clutch position","Clutchpositi","2106","INT16(F:G)","0.0","65535.0","","7E1"
"Select position","Selectpositi","2106","INT16(H:I)","0.0","65535.0","","7E1"
"Shift position","Shiftpositio","2106","INT16(J:K)","0.0","65535.0","","7E1"
"Oil pressure","Oilpressure","2106","INT16(N:O)*3.92156862745098","0.0","257000.0","mpa","7E1"
"Clutch solenoid control","Clutchsoleno","2106","INT16(Q:R)","0.0","65535.0","mA","7E1"
"Select solenoid control","Selectsoleno","2106","INT16(S:T)","0.0","65535.0","mA","7E1"
"Shift solenoid #1 (odd)control","Shiftsolenoi","2106","INT16(U:V)","0.0","65535.0","mA","7E1"
"Shift solenoid #2 (even)control","Shiftsolenoi","2106","INT16(W:X)","0.0","65535.0","mA","7E1"
"Pressure control solenoid A","Pressurecont","2100","J*0.5","0.0","127.5","percent","7E1"
"Pressure control solenoid B","Pressurecont","2100","L*0.5","0.0","127.5","percent","7E1"
"Pressure control solenoid C","Pressurecont","2100","M*0.5","0.0","127.5","percent","7E1"
"Input shaft (at)","Inputshaft","2100","INT16(A:B)*0.25","0.0","16383.75","rpm","7E1"
"Output shaft (at)","Outputshaft","2100","INT16(C:D)*0.25","0.0","16383.75","rpm","7E1"
"Tc Lock Duty (at)","TcLockDuty","2100","K*0.5","0.0","127.5","percent","7E1"
"1st,3rd actuator position","1st3rdactuat","221001","INT16(H:I)*0.0254","0.0","1664.589","mm","7E1"
"6th actuator position","6thactuatorp","221001","INT16(J:K)*0.0254","0.0","1664.589","mm","7E1"
"2nd/4th actuator position","2nd4thactuat","221001","INT16(L:M)*0.0254","0.0","1664.589","mm","7E1"
"5th/Rear actuator position","5thRearactua","221001","INT16(N:O)*0.0254","0.0","1664.589","mm","7E1"
"Selection actuator position","Selectionact","221001","INT16(P:Q)*0.0264","0.0","1730.124","mm","7E1"
"Odd gears (K1) actuator position","OddgearsK1ac","221001","INT16(R:S)*0.0156","0.0","1022.346","mm","7E1"
"Even gears (K2) actuator pressure","EvengearsK2a","221001","INT16(T:U)*0.1","0.0","6553.5","bar","7E1"
"Odd gears (K1) actuator reference","OddgearsK1ac","221001","INT16(V:W)*0.0156","0.0","1022.346","mm","7E1"
"Even gears (K2) actuator reference","EvengearsK2a","221001","INT16(X:Y)*0.1","0.0","6553.5","bar","7E1"
"Outside temperature","Outsidetempe","2108","A-40.0","-40.0","215.0","celsius","271"
"LED illumination contrast","LEDilluminat","2108","C","0.0","255.0","percent","271"
"Auto light sensor","Autolightsen","2108","E*0.0196078431372549","0.0","5.0","volt","271"
"Outside temperature (bcm)","Outsidetempe","2108","A-40.0","-40.0","215.0","celsius","271"
"Auto light sensor (bcm)","Autolightsen","2108","E*0.0196078431372549","0.0","5.0","volt","271"
"A/C evaporator temperature","ACevaporator","2108","F-40.0","-40.0","215.0","celsius","271"
"Front wiper int. adjust switch","Frontwiperin","2108","P*0.0196078431372549","0.0","5.0","volt","271"
"Driving mode switch","Drivingmodes","2108","Q*0.0196078431372549","0.0","5.0","volt","271"
"Outside temperature (bcm)","Outsidetempe","2108","A-40.0","-40.0","215.0","celsius","271"
"Auto light sensor (bcm)","Autolightsen","2108","E*0.0196078431372549","0.0","5.0","volt","271"
"Pb+ Voltage","PbVoltage","2101","A*0.09374901960784313","0.0","23.906","volt","7E4"
"IGS+ Voltage","IGSVoltage","2101","B*0.09374901960784313","0.0","23.906","volt","7E4"
"PBDC Voltage","PBDCVoltage","2101","C*0.09374901960784313","0.0","23.906","volt","7E4"
"BPIN Voltage","BPINVoltage","2101","D*0.09374901960784313","0.0","23.906","volt","7E4"
"Li-Ion Battery Current","LiIonBattery","2101","G*1.5-190.0","-190.0","192.5","A","7E4"
"Relay 2P Current","Relay2PCurre","2101","H*1.4980392156862745-134.0","-134.0","248.0","A","7E4"
"Relay 3P Current","Relay3PCurre","2101","I*1.5-190.0","-190.0","192.5","A","7E4"
"Relay 2S Current","Relay2SCurre","2101","J*0.75-100.0","-100.0","91.25","A","7E4"
"Relay 3S Current","Relay3SCurre","2101","K*0.75-100.0","-100.0","91.25","A","7E4"
"Li-Ion Battery Voltage","LiIonBattery","2101","X*0.09374901960784313","0.0","23.906","volt","7E4"
"Li-Ion Battery SOC","LiIonBattery","2101","Y*0.5","0.0","127.5","percent","7E4"
"Li-Ion Battery Temperature","LiIonBattery","2101","Z-40.0","-40.0","215.0","celsius","7E4"
"Ignition voltage","Ignitionvolt","2108","A*0.1","0.0","25.5","volt","777"
"Vertical offset","Verticaloffs","2108","W*0.05-6.35","-6.35","6.4","degreeAngle","777"
"Detecting distance","Detectingdis","2108","INT16(X:Y)*0.02","0.0","1310.7","m","777"
"Camera temperature (current)","Cameratemper","2109","U-60.0","-60.0","195.0","celsius","777"
"Camera high temperature (history)","Camerahighte","2109","V-60.0","-60.0","195.0","celsius","777"
"Camera low temperature (history)","Cameralowtem","2109","W-60.0","-60.0","195.0","celsius","777"
"Number of satellites (SAT)","Numberofsate","2106","V","0.0","255.0","","799"
"Satellite system type (SAT)","Satellitesys","2106","W","0.0","255.0","","799"
"Oil Temp","OilTemp","2100","I-40.0","-40.0","215.0","celsius","7E0"
"Bank 1","Bank1","2100","R*0.78125-100.0","-100.0","99.2188","percent","7E0"
"Bank 1 (engine)","Bank1","2100","S*0.78125-100.0","-100.0","99.2188","percent","7E0"
"Bank 1 (engine)","Bank1","2100","V*0.78125-100.0","-100.0","99.2188","percent","7E0"
"Bank 2","Bank2","2100","T*0.78125-100.0","-100.0","99.2188","percent","7E0"
"Bank 2 (engine)","Bank2","2100","U*0.78125-100.0","-100.0","99.2188","percent","7E0"
"Bank 2 (engine)","Bank2","2100","W*0.78125-100.0","-100.0","99.2188","percent","7E0"
"Cyl. 1, Bank 1","Cyl1Bank1","2100","INT16(X:Y)*0.001","0.0","65.535","msec","7E0"
"Injector power","Injectorpowe","2151","INT16(M:N)*0.001","0.0","65.535","volt","7E0"
"APP sensor 1","APPsensor1","2151","INT16(U:V)","0.0","65535.0","volt","7E0"
"APP sensor 2","APPsensor2","2151","INT16(W:X)*5.0","0.0","327675.0","volt","7E0"
"MAF","MAF","2152","INT16(C:D)*0.01","0.0","655.35","gPerS","7E0"
"IAT-1","IAT1","2152","I-40.0","-40.0","215.0","celsius","7E0"
"IAT-2","IAT2","2152","L-40.0","-40.0","215.0","celsius","7E0"
"Boost pressure","Boostpressur","2152","INT16(S:T)*0.1","0.0","6553.5","kpa","7E0"
"EGR valve","EGRvalve","2152","INT16(Y:Z)*0.0015259021896696422","0.0","100.0","percent","7E0"
"Fuel rail pressure","Fuelrailpres","2153","SIGNED16(INT16(C:D))*10.0","-327680.0","327670.0","kpa","7E0"
"Fuel temperature","Fueltemperat","2153","INT16(G:H)*0.02-40.0","-40.0","1270.7","celsius","7E0"
"Fuel flow actuator","Fuelflowactu","2153","INT16(J:K)*0.0015259021896696422","0.0","100.0","percent","7E0"
"Total injected fuel","Totalinjecte","2153","INT16(P:Q)*0.0029999999999999996","0.0","196.605","","7E0"
"DPF diff. pressure","DPFdiffpress","2155","INT16(C:D)*0.1","0.0","6553.5","kpa","7E0"
"Inlet DPF EGT","InletDPFEGT","2155","INT16(G:H)*0.1-40.0","-40.0","6513.5","celsius","7E0"
"DPF flow resistance","DPFflowresis","2155","INT16(I:J)*2.0-0.65535","-0.6553","131069.3446","","7E0"
"Distance from DPF light on","Distancefrom","2155","INT16(L:M)","0.0","65535.0","km","7E0"
"APP sensor 1 (engine)","APPsensor1","2170","L*0.0196078431372549","0.0","5.0","volt","7E0"
"APP sensor 2 (engine)","APPsensor2","2170","M*0.0196078431372549","0.0","5.0","volt","7E0"
"IAT-1 (engine)","IAT1","2170","O-40.0","-40.0","215.0","celsius","7E0"
"IAT-2 (engine)","IAT2","2170","P-40.0","-40.0","215.0","celsius","7E0"
"MAF (engine)","MAF","2170","INT16(Q:R)*0.01","0.0","655.35","gPerS","7E0"
"MAP","MAP","2170","V*2.0","0.0","510.0","kpa","7E0"
"Distance from DPF light on (engine)","Distancefrom","2171","INT16(T:U)","0.0","65535.0","km","7E0"
"Battery ambient temperature","Batteryambie","2190","A-40.0","-40.0","215.0","celsius","7E0"
"Battery voltage","Batteryvolta","2190","INT16(B:C)*0.016276371404592965","0.0","1066.672","volt","7E0"
"Battery current","Batterycurre","2190","INT16(D:E)*0.1-300.0","-300.0","6253.5","A","7E0"
"Brake booster pressure","Brakebooster","2190","H*0.4","0.0","102.0","kpa","7E0"
"Master cylinder pressure (engine)","Mastercylind","2190","INT16(I:J)","0.0","65535.0","kpa","7E0"
"Brake store","Brakestore","2190","INT16(K:L)*0.09765624475471123","0.0","6399.902","percent","7E0"
"AT/CVT fluid temperature","ATCVTfluidte","2190","M-40.0","-40.0","215.0","celsius","7E0"
"Slope range","Sloperange","2190","INT16(N:O)*0.01-163.84","-163.84","491.51","percent","7E0"
"Battery temperature","Batterytempe","2190","P-40.0","-40.0","215.0","celsius","7E0"
"ISG restart count","ISGrestartco","2190","INT16(Q:R)*5.0","0.0","327675.0","","7E0"
"Backup start count by starting motor","Backupstartc","2190","S","0.0","255.0","","7E0"
"Brake stroke sensor voltage","Brakestrokes","2190","T*0.019529411764705885","0.0","4.98","volt","7E0"
"Outside air temperature","Outsideairte","2108","W*0.5-40.0","-40.0","87.5","celsius","272"
"Cabin air temperature","Cabinairtemp","2108","X*0.5-40.0","-40.0","87.5","celsius","272"
"Sun load sensor","Sunloadsenso","2108","Y*17.44235294117647","0.0","4447.8","","272"
"Evaporator temperature","Evaporatorte","2108","Z*0.5-40.0","-40.0","87.5","celsius","272"
"Fan switch","Fanswitch","2108","J","0.0","255.0","","272"
"Outside air temperature (hvac)","Outsideairte","2108","W*0.5-40.0","-40.0","87.5","celsius","272"
"Cabin air temperature (hvac)","Cabinairtemp","2108","X*0.5-40.0","-40.0","87.5","celsius","272"
"Sun load sensor (hvac)","Sunloadsenso","2108","Y*5.0","0.0","1275.0","","272"
"Evaporator temperature (hvac)","Evaporatorte","2108","Z*0.5-40.0","-40.0","87.5","celsius","272"
"ISG rotation speed","ISGrotations","2101","SIGNED16(INT16(G:H))","-32768.0","32767.0","rpm","715"
"Sensor power supply","Sensorpowers","2108","I*0.02431372549019608","0.0","6.2","volt","263"
"Sensor (main) torque","Sensormainto","2108","J*0.15313725490196078-19.6","-19.6","19.45","Nm","263"
"Sensor (sub) torque","Sensorsubtor","2108","K*0.15313725490196078-19.6","-19.6","19.45","Nm","263"
"Control torque","Controltorqu","2108","L*0.06125-7.84","-7.84","7.7788","Nm","263"
"Target motor current","Targetmotorc","2108","M*0.2","0.0","51.0","A","263"
"Measure motor current","Measuremotor","2108","N*0.2","0.0","51.0","A","263"
"Motor drive voltage (+)","Motordrivevo","2108","Z*0.11701960784313725-5.0","-5.0","24.84","volt","263"
"Sensor power supply (ps)","Sensorpowers","2108","I*0.0784313725490196","0.0","20.0","volt","263"
"Sensor (main) torque (ps)","Sensormainto","2108","J*0.16862745098039217-21.58","-21.58","21.42","Nm","263"
"Sensor (sub) torque (ps)","Sensorsubtor","2108","K*0.16862745098039217-21.58","-21.58","21.42","Nm","263"
"Control torque (ps)","Controltorqu","2108","L*0.05617254901960785-7.19","-7.19","7.134","Nm","263"
"Target motor current (ps)","Targetmotorc","2108","M*0.5","0.0","127.5","A","263"
"Measure motor current (ps)","Measuremotor","2108","N*0.5","0.0","127.5","A","263"
"Air temperature #1","Airtemperatu","2100","P-50.0","-50.0","205.0","celsius","798"
"Air pressure #1","Airpressure1","2100","Q*0.0137","0.0","3.4935","tireBar","798"
"Air temperature #2","Airtemperatu","2100","Z-50.0","-50.0","205.0","celsius","798"
"TPS acceleration #1","TPSaccelerat","2100","R*0.5","0.0","127.5","G","798"
